avg_hop_count,avg_latency_ns,delivered_packets,drop_rate,dropped_packets,duration_ns,failure_rate,grid_size,injection_rate,max_utilisation,mean_utilisation,p95_latency_ns,router,seed,throughput_pps,total_packets,traffic_pattern,wall_time_s
3.1138952164009113,12.937038724371549,878,0.0,0,100000.0,0.0,4,0.01,0.962475860788884,0.7350048719625318,24.479999999981374,xy,0,0.009755555555555556,878,uniform,0.29207634925842285
3.1137656427758817,12.936245733786212,879,0.0,0,100000.0,0.0,4,0.01,0.9515054747505769,0.7382758801467775,24.479999999981374,xy,1,0.009766666666666667,879,uniform,0.2918965816497803
3.123809523809524,12.997714285712176,945,0.0010570824524312897,1,100000.0,0.0,4,0.01,0.9643520677494398,0.7507951286083412,24.479999999981374,xy,2,0.0105,946,uniform,0.3505127429962158
3.1362126245847177,13.073621262456282,903,0.0,0,100000.0,0.0,4,0.01,0.9562336909623956,0.7456261477353191,24.479999999981374,xy,3,0.010033333333333333,903,uniform,0.3009965419769287
3.1123470522803114,12.927563959952908,899,0.0,0,100000.0,0.0,4,0.01,0.9515054747505769,0.7359201986205607,24.479999999981374,xy,4,0.00998888888888889,899,uniform,0.2881321907043457
3.2583025830258303,13.820811808115836,813,0.07403189066059225,65,100000.0,0.1,4,0.01,0.9999999597989908,0.6942555008727316,24.480000000010477,xy,0,0.009033333333333334,878,uniform,0.4505462646484375
3.3046044864226682,14.104179456904335,847,0.03640500568828214,32,100000.0,0.1,4,0.01,0.9999999132273469,0.7033511946210214,24.480000000010477,xy,1,0.009411111111111111,879,uniform,0.3734593391418457
3.2157534246575343,13.560410958902015,876,0.07399577167019028,70,100000.0,0.1,4,0.01,0.9999999746633378,0.7105813906458546,24.4800000000032,xy,2,0.009733333333333333,946,uniform,0.47936463356018066
3.182864450127877,13.359130434780067,782,0.13399778516057587,121,100000.0,0.1,4,0.01,0.999999999998792,0.7061835848488751,24.480000000010477,xy,3,0.008688888888888888,903,uniform,0.5213584899902344
3.1538461538461537,13.181538461535869,806,0.10344827586206896,93,100000.0,0.1,4,0.01,0.999999950643707,0.7013843295975672,24.479999999981374,xy,4,0.008955555555555555,899,uniform,0.491558313369751
3.498861047835991,15.293029612753882,878,0.0,0,100000.0,0.0,4,0.01,0.985840130886649,0.7808651835375893,30.600000000013097,odd_even,0,0.009755555555555556,878,uniform,0.3595409393310547
3.4937428896473266,15.261706484639179,879,0.0,0,100000.0,0.0,4,0.01,0.9843103943342372,0.7845954886261445,30.600000000013097,odd_even,1,0.009766666666666667,879,uniform,0.37760400772094727
3.5005291005291004,15.303238095235528,945,0.0010570824524312897,1,100000.0,0.0,4,0.01,0.9915219633070562,0.8019030725674842,30.600000000013097,odd_even,2,0.0105,946,uniform,0.38991546630859375
3.5260243632336654,15.459269102987486,903,0.0,0,100000.0,0.0,4,0.01,0.985840130886649,0.7885214776645257,30.600000000013097,odd_even,3,0.010033333333333333,903,uniform,0.37786865234375
3.461624026696329,15.065139043378446,899,0.0,0,100000.0,0.0,4,0.01,0.9878596822189407,0.7785940588458944,30.600000000004002,odd_even,4,0.00998888888888889,899,uniform,0.36522984504699707
3.700356718192628,16.52618311533626,841,0.04214123006833713,37,100000.0,0.1,4,0.01,0.9999999597989908,0.7299416622115749,36.71999999997206,odd_even,0,0.009344444444444445,878,uniform,0.4755568504333496
3.6635182998819364,16.30073199527478,847,0.03640500568828214,32,100000.0,0.1,4,0.01,0.9999999132273469,0.7537131334843549,36.71999999997206,odd_even,1,0.009411111111111111,879,uniform,0.457111120223999
3.5239726027397262,15.446712328764637,876,0.07399577167019028,70,100000.0,0.1,4,0.01,0.999999950643707,0.7568691627626711,30.600000000004002,odd_even,2,0.009733333333333333,946,uniform,0.542177677154541
3.471190781049936,15.123687580022716,781,0.13510520487264674,122,100000.0,0.1,4,0.01,0.999999999998179,0.7455162732042414,30.600000000013097,odd_even,3,0.008677777777777777,903,uniform,0.5941545963287354
3.5239263803680982,15.44642944784968,815,0.09343715239154617,84,100000.0,0.1,4,0.01,0.9999999999826021,0.7293793560065693,30.600000000013097,odd_even,4,0.009055555555555556,899,uniform,0.5413932800292969
4.9749430523918,24.32665148063413,878,0.0,0,100000.0,0.0,4,0.01,0.995865473632828,0.8752304989926751,36.720000000015716,valiant,0,0.009755555555555556,878,uniform,0.5368881225585938
4.995449374288965,24.452150170644327,879,0.0,0,100000.0,0.0,4,0.01,0.9968007823114912,0.8876327770763677,36.720000000015716,valiant,1,0.009766666666666667,879,uniform,0.5723259449005127
5.064550264550265,24.875047619043595,945,0.0010570824524312897,1,100000.0,0.0,4,0.01,0.997524506337719,0.8976330767826022,36.720000000015716,valiant,2,0.0105,946,uniform,0.6073248386383057
5.04983388704319,24.78498338870023,903,0.0,0,100000.0,0.0,4,0.01,0.995865473632828,0.8865134404632906,36.720000000015716,valiant,3,0.010033333333333333,903,uniform,0.5719869136810303
5.054505005561735,24.81357063403307,899,0.0,0,100000.0,0.0,4,0.01,0.9971127060361208,0.877450549295425,36.720000000015716,valiant,4,0.00998888888888889,899,uniform,0.571901798248291
5.1103896103896105,25.155584415580332,770,0.12300683371298406,108,100000.0,0.1,4,0.01,0.9999999999865379,0.8119631655875208,42.83999999999287,valiant,0,0.008555555555555556,878,uniform,0.7605879306793213
5.243276283618582,25.968850855741174,818,0.06939704209328783,61,100000.0,0.1,4,0.01,0.9999999999987284,0.8180376563072828,42.83999999999287,valiant,1,0.00908888888888889,879,uniform,0.673114538192749
5.151177199504337,25.405204460962413,807,0.14693446088794926,139,100000.0,0.1,4,0.01,0.9999999999999069,0.8224757833784861,42.839999999967404,valiant,2,0.008966666666666666,946,uniform,0.8489577770233154
4.9784791965566715,24.3482926829225,697,0.22812846068660023,206,100000.0,0.1,4,0.01,0.999999999999999,0.8073699920519928,36.720000000015716,valiant,3,0.007744444444444444,903,uniform,0.900637149810791
5.052558782849239,24.801659751032822,723,0.19577308120133483,176,100000.0,0.1,4,0.01,0.9999999999999521,0.7968140605386631,42.839999999967404,valiant,4,0.008033333333333333,899,uniform,0.8809635639190674
3.1138952164009113,12.937038724371549,878,0.0,0,100000.0,0.0,4,0.01,0.9895911950424643,0.7091089161308402,24.479999999981374,gnn,0,0.009755555555555556,878,uniform,2.264714002609253
3.1137656427758817,12.936245733786212,879,0.0,0,100000.0,0.0,4,0.01,0.9834846256149865,0.7213996155089215,24.479999999981374,gnn,1,0.009766666666666667,879,uniform,2.2654213905334473
3.123809523809524,12.997714285712176,945,0.0010570824524312897,1,100000.0,0.0,4,0.01,0.9927311432903875,0.7313140023958968,24.479999999981374,gnn,2,0.0105,946,uniform,2.3998448848724365
3.1362126245847177,13.073621262456282,903,0.0,0,100000.0,0.0,4,0.01,0.9878596822189407,0.7136873011768401,24.479999999981374,gnn,3,0.010033333333333333,903,uniform,2.374469518661499
3.1123470522803114,12.927563959952908,899,0.0,0,100000.0,0.0,4,0.01,0.990606053525824,0.7149427762359661,24.479999999981374,gnn,4,0.00998888888888889,899,uniform,2.309730291366577
3.2107186358099877,13.529598051154995,821,0.06492027334851937,57,100000.0,0.1,4,0.01,0.9999993585507964,0.6877621212298772,24.479999999995925,gnn,0,0.009122222222222223,878,uniform,3.2882795333862305
3.3147502903600463,14.166271777001096,861,0.020477815699658702,18,100000.0,0.1,4,0.01,0.9999683649687106,0.6943199236842386,24.480000000010477,gnn,1,0.009566666666666666,879,uniform,2.9383060932159424
3.2098765432098766,13.524444444442087,891,0.05813953488372093,55,100000.0,0.1,4,0.01,0.9999999132273469,0.7096310612176053,24.479999999999563,gnn,2,0.0099,946,uniform,3.668710470199585
3.2384701912260967,13.699437570301532,889,0.015503875968992248,14,100000.0,0.1,4,0.01,0.9989104692211517,0.6997072677088283,24.4800000000032,gnn,3,0.009877777777777777,903,uniform,2.854764938354492
3.253440366972477,13.791055045868823,872,0.030033370411568408,27,100000.0,0.1,4,0.01,0.9999966886361673,0.692599428301923,24.479999999995925,gnn,4,0.00968888888888889,899,uniform,2.98815655708313
3.298099762470309,14.071496437052513,842,0.04100227790432802,36,100000.0,0.0,4,0.01,0.9999935494011873,0.7365138929785462,24.480000000010477,grl,0,0.009355555555555556,878,uniform,1.0859251022338867
3.325829383886256,14.244739336490467,844,0.03981797497155859,35,100000.0,0.0,4,0.01,0.9999989286627206,0.743159420597431,24.480000000010477,grl,1,0.009377777777777778,879,uniform,1.1582286357879639
3.3307436182019976,14.264150943393988,901,0.04756871035940803,45,100000.0,0.0,4,0.01,0.9999989286627206,0.7635266686724601,24.480000000010477,grl,2,0.010011111111111111,946,uniform,1.2277026176452637
3.328687572590012,14.255052264805874,861,0.046511627906976744,42,100000.0,0.0,4,0.01,0.9999991273890899,0.7495229191219903,24.480000000010477,grl,3,0.009566666666666666,903,uniform,1.1408700942993164
3.2877030162412995,14.000742459393921,862,0.041156840934371525,37,100000.0,0.0,4,0.01,0.9999993585507964,0.7528829947644151,24.480000000010477,grl,4,0.009577777777777777,899,uniform,1.1632227897644043
3.4622166246851385,15.076322418133815,794,0.09567198177676538,84,100000.0,0.1,4,0.01,0.9999999982405502,0.6871253791804025,26.621999999998103,grl,0,0.008822222222222223,878,uniform,1.4752001762390137
3.5985130111524164,15.914052044607066,807,0.08191126279863481,72,100000.0,0.1,4,0.01,0.9999998934659456,0.7263528662359968,30.600000000013097,grl,1,0.008966666666666666,879,uniform,1.531883955001831
3.5931263858093128,15.869933481150165,902,0.046511627906976744,44,100000.0,0.1,4,0.01,0.9996651252325232,0.7567524973417531,30.599999999994907,grl,2,0.010022222222222222,946,uniform,1.4442181587219238
3.4530120481927713,15.016048192768459,830,0.08084163898117387,73,100000.0,0.1,4,0.01,0.9999999876439438,0.7204491864460503,24.480000000010477,grl,3,0.009222222222222222,903,uniform,1.381453514099121
3.579075425790754,15.860583941602865,822,0.08565072302558398,77,100000.0,0.1,4,0.01,0.9999999771336623,0.7182713843057181,30.600000000013097,grl,4,0.009133333333333334,899,uniform,1.5776591300964355
3.1523702031602707,13.17250564333887,886,0.0,0,100000.0,0.0,4,0.01,0.9999649473337513,0.5066557641937723,24.479999999995925,xy,0,0.009844444444444444,886,hotspot,0.35549259185791016
3.186221743810549,13.379677072118213,929,0.0021482277121374865,2,100000.0,0.0,4,0.01,0.9999867727501125,0.5962208236043114,24.479999999981374,xy,1,0.010322222222222222,931,hotspot,0.3441741466522217
3.1300211416490487,13.035729386889557,946,0.0,0,100000.0,0.0,4,0.01,0.99987995211009,0.6128322968305107,18.360000000007858,xy,2,0.010511111111111112,946,hotspot,0.3309197425842285
3.117519042437432,12.959216539714394,919,0.0,0,100000.0,0.0,4,0.01,0.9999699467202751,0.5782477091071498,24.479999999981374,xy,3,0.010211111111111112,919,hotspot,0.3058159351348877
3.1037837837837836,12.87515675675486,925,0.0,0,100000.0,0.0,4,0.01,0.9999414556477952,0.5701340072546536,24.479999999981374,xy,4,0.010277777777777778,925,hotspot,0.31623029708862305
3.363171355498721,14.462608695650149,782,0.11738148984198646,104,100000.0,0.1,4,0.01,0.999999999999999,0.5057941044981156,24.480000000010477,xy,0,0.008688888888888888,886,hotspot,0.5720822811126709
3.426980198019802,14.853118811878524,808,0.13211600429645542,123,100000.0,0.1,4,0.01,0.999999999999999,0.5801547050680755,30.599999999976717,xy,1,0.008977777777777777,931,hotspot,0.5977482795715332
3.1557846506300113,13.193402061852986,873,0.07716701902748414,73,100000.0,0.1,4,0.01,0.9999999999997405,0.5939097703690039,24.479999999981374,xy,2,0.0097,946,hotspot,0.4763753414154053
3.297198538367844,14.05885505480829,821,0.10663764961915125,98,100000.0,0.1,4,0.01,0.9999999999999974,0.5597214929700445,24.480000000010477,xy,3,0.009122222222222223,919,hotspot,0.5438699722290039
3.235526315789474,13.681421052629647,760,0.1783783783783784,165,100000.0,0.1,4,0.01,0.999999999999999,0.5505140164451514,24.480000000010477,xy,4,0.008444444444444444,925,hotspot,0.6594698429107666
3.883747178329571,17.648532731374445,886,0.0,0,100000.0,0.0,4,0.01,0.9999649473337513,0.5548614023821987,36.71999999998843,odd_even,0,0.009844444444444444,886,hotspot,0.42011308670043945
3.28740581270183,13.998923573732718,929,0.0021482277121374865,2,100000.0,0.0,4,0.01,0.9999867727501125,0.6271547907900972,24.480000000010477,odd_even,1,0.010322222222222222,931,hotspot,0.3568694591522217
3.83615221987315,17.357251585620087,946,0.0,0,100000.0,0.0,4,0.01,0.99987995211009,0.6536652027948816,30.600000000013097,odd_even,2,0.010511111111111112,946,hotspot,0.45525527000427246
3.813928182807399,17.2212404787776,919,0.0,0,100000.0,0.0,4,0.01,0.9999699467202751,0.6221513679959492,36.71999999997206,odd_even,3,0.010211111111111112,919,hotspot,0.41918396949768066
3.4129729729729728,14.76739459459252,925,0.0,0,100000.0,0.0,4,0.01,0.9999414556477952,0.6111933913329259,30.600000000013097,odd_even,4,0.010277777777777778,925,hotspot,0.3705921173095703
4.227633069082673,19.75311438278322,883,0.003386004514672686,3,100000.0,0.1,4,0.01,0.9999999823064638,0.5350561513708759,36.720000000015716,odd_even,0,0.00981111111111111,886,hotspot,0.47803616523742676
3.483910891089109,15.201534653462593,808,0.13211600429645542,123,100000.0,0.1,4,0.01,0.999999999999999,0.6173928950753921,30.59999999998854,odd_even,1,0.008977777777777777,931,hotspot,0.6882545948028564
3.8984018264840183,17.73821917807862,876,0.07399577167019028,70,100000.0,0.1,4,0.01,0.9999999913713051,0.6638595177870299,36.71999999997206,odd_even,2,0.009733333333333333,946,hotspot,0.6066927909851074
3.9646341463414636,18.143560975605865,820,0.10772578890097932,99,100000.0,0.1,4,0.01,0.9999999999999972,0.5998968685196275,36.71999999999389,odd_even,3,0.009111111111111111,919,hotspot,0.6512882709503174
3.521857923497268,15.433770491800978,732,0.20864864864864865,193,100000.0,0.1,4,0.01,0.999999999999999,0.5889393609108864,30.600000000013097,odd_even,4,0.008133333333333333,925,hotspot,0.7770369052886963
5.037246049661399,24.707945823923886,886,0.0,0,100000.0,0.0,4,0.01,0.9999897650061814,0.8419514606983296,36.720000000015716,valiant,0,0.009844444444444444,886,hotspot,0.6010181903839111
5.076426264800861,24.947728740576807,929,0.0021482277121374865,2,100000.0,0.0,4,0.01,0.9999989822295845,0.857148768012159,36.720000000015716,valiant,1,0.010322222222222222,931,hotspot,0.6285097599029541
5.113107822410148,25.172219873145412,946,0.0,0,100000.0,0.0,4,0.01,0.9999728769150482,0.8611060169751669,36.720000000015716,valiant,2,0.010511111111111112,946,hotspot,0.6154210567474365
4.947769314472253,24.16034820456542,919,0.0,0,100000.0,0.0,4,0.01,0.9999902767558724,0.858393503147832,36.720000000015716,valiant,3,0.010211111111111112,919,hotspot,0.5721714496612549
5.053030303030303,24.804545454541874,924,0.001081081081081081,1,100000.0,0.0,4,0.01,0.9999912247721748,0.8684983752447981,36.720000000015716,valiant,4,0.010266666666666667,925,hotspot,0.6011795997619629
5.358247422680412,26.672474226799995,776,0.12415349887133183,110,100000.0,0.1,4,0.01,0.999999999999998,0.7782061574744161,42.840000000018335,valiant,0,0.008622222222222222,886,hotspot,0.7875041961669922
5.326658322903629,26.47914893616561,799,0.14178302900107412,132,100000.0,0.1,4,0.01,0.999999999999999,0.7943669819353556,42.840000000018335,valiant,1,0.008877777777777778,931,hotspot,0.8573300838470459
5.192695214105793,25.659294710322506,794,0.160676532769556,152,100000.0,0.1,4,0.01,0.999999999999999,0.8015579006366613,36.720000000015716,valiant,2,0.008822222222222223,946,hotspot,0.8751728534698486
5.066934404283802,24.88963855421187,747,0.18715995647442873,172,100000.0,0.1,4,0.01,0.999999999999999,0.7875843489585461,42.839999999967404,valiant,3,0.0083,919,hotspot,0.9209160804748535
5.0124826629681,24.556393897361364,721,0.22054054054054054,204,100000.0,0.1,4,0.01,0.999999999999999,0.800816073346728,42.839999999967404,valiant,4,0.008011111111111111,925,hotspot,0.9293360710144043
3.1523702031602707,13.17250564333887,886,0.0,0,100000.0,0.0,4,0.01,0.9999281228938331,0.568200184546028,24.479999999995925,gnn,0,0.009844444444444444,886,hotspot,2.136584997177124
3.186221743810549,13.379677072118213,929,0.0021482277121374865,2,100000.0,0.0,4,0.01,0.9999860765790658,0.6115955760725091,24.479999999981374,gnn,1,0.010322222222222222,931,hotspot,2.423950672149658
3.1300211416490487,13.035729386889557,946,0.0,0,100000.0,0.0,4,0.01,0.9994686631001795,0.6253342544945484,18.360000000007858,gnn,2,0.010511111111111112,946,hotspot,2.3674280643463135
3.117519042437432,12.959216539714394,919,0.0,0,100000.0,0.0,4,0.01,0.9993133238697541,0.6006467602956969,24.479999999981374,gnn,3,0.010211111111111112,919,hotspot,2.273751735687256
3.1037837837837836,12.87515675675486,925,0.0,0,100000.0,0.0,4,0.01,0.9999867727501125,0.5544738994410492,24.479999999981374,gnn,4,0.010277777777777778,925,hotspot,2.3995516300201416
3.498285714285714,15.28950857142618,875,0.012415349887133182,11,100000.0,0.1,4,0.01,0.9999897650061814,0.5714825965996311,30.599999999994907,gnn,0,0.009722222222222222,886,hotspot,2.962073802947998
3.6183783783783783,16.02447567567297,925,0.00644468313641246,6,100000.0,0.1,4,0.01,0.9999990814622,0.5990630147380902,30.600000000013097,gnn,1,0.010277777777777778,931,hotspot,3.2624330520629883
3.198717948717949,13.456153846151205,936,0.010570824524312896,10,100000.0,0.1,4,0.01,0.9994406980001889,0.6223232073193775,24.479999999981374,gnn,2,0.0104,946,hotspot,2.8789002895355225
3.30794701986755,14.124635761586513,906,0.014145810663764961,13,100000.0,0.1,4,0.01,0.9999649473337513,0.588369216667965,24.480000000010477,gnn,3,0.010066666666666666,919,hotspot,2.9128363132476807
3.2247191011235956,13.615280898874499,801,0.13405405405405404,124,100000.0,0.1,4,0.01,0.999999999999999,0.5511802270219099,24.480000000010477,gnn,4,0.0089,925,hotspot,4.732440948486328
3.338636363636364,14.312454545452375,880,0.006772009029345372,6,100000.0,0.0,4,0.01,0.999788945375466,0.5942072495080176,24.480000000010477,grl,0,0.009777777777777778,886,hotspot,0.9518721103668213
3.456886898096305,15.04958566629077,893,0.04081632653061224,38,100000.0,0.0,4,0.01,0.9999860765790658,0.6699228595259631,30.599999999976717,grl,1,0.009922222222222223,931,hotspot,1.3866634368896484
3.455543358946213,15.027925356747765,911,0.03699788583509514,35,100000.0,0.0,4,0.01,0.9999996871812731,0.6667299686605239,24.480000000010477,grl,2,0.010122222222222222,946,hotspot,1.233168125152588
3.3935185185185186,14.648333333330319,864,0.05984766050054407,55,100000.0,0.0,4,0.01,0.9999999999750866,0.5987156847544222,24.480000000010477,grl,3,0.0096,919,hotspot,1.2957782745361328
3.349780701754386,14.38065789473483,912,0.014054054054054054,13,100000.0,0.0,4,0.01,0.9999837604071332,0.6076163894316986,24.480000000010477,grl,4,0.010133333333333333,925,hotspot,1.076432466506958
3.8130601792573624,17.215928297052603,781,0.11851015801354402,105,100000.0,0.1,4,0.01,0.999999999999999,0.5859553295266928,36.7200000000048,grl,0,0.008677777777777777,886,hotspot,1.7817916870117188
3.5032765399737875,15.335779816510943,763,0.18045112781954886,168,100000.0,0.1,4,0.01,0.999999999999999,0.6782738235093702,30.599999999993088,grl,1,0.008477777777777779,931,hotspot,2.2927377223968506
3.5927505330490406,15.867633262257055,938,0.008456659619450317,8,100000.0,0.1,4,0.01,0.999995495306267,0.6470030230806354,24.480000000010477,grl,2,0.010422222222222222,946,hotspot,1.228874921798706
3.5444596443228455,15.572093023252707,731,0.2045701849836779,188,100000.0,0.1,4,0.01,0.999999999999999,0.6163579161909356,30.599999999976717,grl,3,0.008122222222222222,919,hotspot,2.269374370574951
3.8758002560819462,17.818847631239386,781,0.15567567567567567,144,100000.0,0.1,4,0.01,0.999999999999999,0.6255178016508505,30.600000000013097,grl,4,0.008677777777777777,925,hotspot,2.2615814208984375
3.1039260969976907,12.8760277136236,866,0.0,0,100000.0,0.0,4,0.01,0.9462664540172597,0.7253398440515579,24.479999999981374,xy,0,0.009622222222222223,866,adversarial,0.34388113021850586
3.16079295154185,13.22405286343412,908,0.0,0,100000.0,0.0,4,0.01,0.9737954940850637,0.7422521458142822,24.479999999981374,xy,1,0.010088888888888889,908,adversarial,0.31649231910705566
3.1589912280701755,13.21302631578718,912,0.0,0,100000.0,0.0,4,0.01,0.9751057193808106,0.738407842939644,24.479999999981374,xy,2,0.010133333333333333,912,adversarial,0.3174550533294678
3.1596091205211727,13.216807817587155,921,0.0,0,100000.0,0.0,4,0.01,0.9737954940850637,0.7421138745460174,24.479999999981374,xy,3,0.010233333333333334,921,adversarial,0.32842183113098145
3.160676532769556,13.223340380547603,946,0.0,0,100000.0,0.0,4,0.01,0.9797234528464164,0.7441047487977505,24.479999999981374,xy,4,0.010511111111111112,946,adversarial,0.3440382480621338
3.254589963280294,13.798090575273033,817,0.05658198614318707,49,100000.0,0.1,4,0.01,0.9999983851307122,0.6882467586513821,24.480000000010477,xy,0,0.009077777777777778,866,adversarial,0.4208869934082031
3.3117178612059157,14.147713310578062,879,0.031938325991189426,29,100000.0,0.1,4,0.01,0.9999998309652455,0.7039098018171484,24.480000000010477,xy,1,0.009766666666666667,908,adversarial,0.3941781520843506
3.265353418308227,13.863962920043837,863,0.0537280701754386,49,100000.0,0.1,4,0.01,0.9999998550738273,0.7032375628346467,24.480000000010477,xy,2,0.009588888888888888,912,adversarial,0.42639708518981934
3.191969887076537,13.414855708905971,797,0.13463626492942454,124,100000.0,0.1,4,0.01,0.9999999999489138,0.7081642238899759,24.479999999997382,xy,3,0.008855555555555556,921,adversarial,0.5839722156524658
3.212085308056872,13.537962085306136,844,0.10782241014799154,102,100000.0,0.1,4,0.01,0.9999999993692622,0.7061049974934313,24.4800000000032,xy,4,0.009377777777777778,946,adversarial,0.5476012229919434
3.4757505773672057,15.151593533484576,866,0.0,0,100000.0,0.0,4,0.01,0.9786562661541225,0.7716682436306714,30.600000000013097,odd_even,0,0.009622222222222223,866,adversarial,0.37161779403686523
3.5616740088105727,15.677444933918151,908,0.0,0,100000.0,0.0,4,0.01,0.9872207181252007,0.7868476605931582,30.600000000013097,odd_even,1,0.010088888888888889,908,adversarial,0.3941974639892578
3.5427631578947367,15.56171052631299,912,0.0,0,100000.0,0.0,4,0.01,0.990606053525824,0.7908059768975626,30.600000000013097,odd_even,2,0.010133333333333333,912,adversarial,0.40027713775634766
3.522258414766558,15.436221498368447,921,0.0,0,100000.0,0.0,4,0.01,0.9850948746175253,0.7867408529755442,30.600000000013097,odd_even,3,0.010233333333333334,921,adversarial,0.3805365562438965
3.5623678646934462,15.681691331921458,946,0.0,0,100000.0,0.0,4,0.01,0.9915219633070562,0.7943256075416169,30.600000000013097,odd_even,4,0.010511111111111112,946,adversarial,0.48596620559692383
3.6967895362663494,16.50435196194708,841,0.028868360277136258,25,100000.0,0.1,4,0.01,0.9999983851307122,0.7285199217144106,36.71999999997206,odd_even,0,0.009344444444444445,866,adversarial,0.422745943069458
3.696245733788396,16.50102389078229,879,0.031938325991189426,29,100000.0,0.1,4,0.01,0.9999998309652455,0.7513082428094837,36.71999999997206,odd_even,1,0.009766666666666667,908,adversarial,0.4601314067840576
3.597902097902098,15.899160839157988,858,0.05921052631578947,54,100000.0,0.1,4,0.01,0.9998448554570264,0.7471443125659321,30.600000000013097,odd_even,2,0.009533333333333333,912,adversarial,0.4941439628601074
3.4785894206549117,15.16896725440519,794,0.13789359391965256,127,100000.0,0.1,4,0.01,0.9999999999189426,0.749765759213534,30.600000000013097,odd_even,3,0.008822222222222223,921,adversarial,0.6162028312683105
3.611178614823815,15.980413122719444,823,0.13002114164904863,123,100000.0,0.1,4,0.01,0.9999999999999349,0.7351901725107096,36.71999999997206,odd_even,4,0.009144444444444445,946,adversarial,0.6381351947784424
5.020785219399538,24.607205542721236,866,0.0,0,100000.0,0.0,4,0.01,0.997524506337719,0.8810498823991729,36.720000000015716,valiant,0,0.009622222222222223,866,adversarial,0.5385925769805908
5.046255506607929,24.76308370043659,908,0.0,0,100000.0,0.0,4,0.01,0.9972570707343148,0.8858682234220028,36.720000000015716,valiant,1,0.010088888888888889,908,adversarial,0.5723609924316406
5.0307354555433585,24.668100987920884,911,0.0010964912280701754,1,100000.0,0.0,4,0.01,0.997524506337719,0.8943205485658231,36.720000000015716,valiant,2,0.010122222222222222,912,adversarial,0.6236288547515869
5.044516829533116,24.75244299673833,921,0.0,0,100000.0,0.0,4,0.01,0.9977658669697915,0.8941593656348699,36.720000000015716,valiant,3,0.010233333333333334,921,adversarial,0.5741434097290039
4.997885835095137,24.467061310778483,946,0.0,0,100000.0,0.0,4,0.01,0.9978775736213019,0.8970145042460891,36.720000000015716,valiant,4,0.010511111111111112,946,adversarial,0.5898401737213135
5.1640625,25.484062499996067,768,0.11316397228637413,98,100000.0,0.1,4,0.01,0.9999999999694128,0.8049688788287213,42.840000000018335,valiant,0,0.008533333333333334,866,adversarial,0.7465798854827881
5.297169811320755,26.298679245278795,848,0.06607929515418502,60,100000.0,0.1,4,0.01,0.999999999998792,0.813411527843128,42.84000000000115,valiant,1,0.009422222222222222,908,adversarial,0.7076218128204346
5.140914709517923,25.34239802224479,809,0.11293859649122807,103,100000.0,0.1,4,0.01,0.99999999999827,0.8234716580357576,42.839999999967404,valiant,2,0.008988888888888888,912,adversarial,0.7658529281616211
5.0,24.47999999999573,707,0.23235613463626492,214,100000.0,0.1,4,0.01,0.999999999999999,0.8169080208298676,36.720000000015716,valiant,3,0.007855555555555555,921,adversarial,0.9317388534545898
5.015810276679842,24.57675889327681,759,0.19767441860465115,187,100000.0,0.1,4,0.01,0.9999999999999929,0.8147690348783336,36.720000000015716,valiant,4,0.008433333333333333,946,adversarial,0.8898634910583496
3.1039260969976907,12.8760277136236,866,0.0,0,100000.0,0.0,4,0.01,0.9786562661541225,0.6994875827858823,24.479999999981374,gnn,0,0.009622222222222223,866,adversarial,2.121723175048828
3.16079295154185,13.22405286343412,908,0.0,0,100000.0,0.0,4,0.01,0.9872207181252007,0.7346621438484858,24.479999999981374,gnn,1,0.010088888888888889,908,adversarial,2.312263011932373
3.1589912280701755,13.21302631578718,912,0.0,0,100000.0,0.0,4,0.01,0.989043363202594,0.7213477787085746,24.479999999981374,gnn,2,0.010133333333333333,912,adversarial,2.3998560905456543
3.1596091205211727,13.216807817587155,921,0.0,0,100000.0,0.0,4,0.01,0.9895911950424643,0.7155338237956952,24.479999999981374,gnn,3,0.010233333333333334,921,adversarial,2.44970965385437
3.160676532769556,13.223340380547603,946,0.0,0,100000.0,0.0,4,0.01,0.9910757508495328,0.7294576334706468,24.479999999981374,gnn,4,0.010511111111111112,946,adversarial,2.694422960281372
3.168525402726146,13.271375464681723,807,0.06812933025404157,59,100000.0,0.1,4,0.01,0.999981058938193,0.6927385340906063,24.479999999995925,gnn,0,0.008966666666666666,866,adversarial,3.34028697013855
3.3557046979865772,14.416912751675763,894,0.015418502202643172,14,100000.0,0.1,4,0.01,0.9999443828654054,0.6973102120087237,24.480000000010477,gnn,1,0.009933333333333334,908,adversarial,3.020472288131714
3.2263710618436408,13.625390898480735,857,0.06030701754385965,55,100000.0,0.1,4,0.01,0.9999997452071918,0.7093923830385556,24.480000000010477,gnn,2,0.009522222222222222,912,adversarial,3.5691545009613037
3.234234234234234,13.673513513510983,888,0.035830618892508145,33,100000.0,0.1,4,0.01,0.9999989822295845,0.6981450684134801,24.479999999995925,gnn,3,0.009866666666666666,921,adversarial,3.1559267044067383
3.3293347873500547,14.255528898580183,917,0.0306553911205074,29,100000.0,0.1,4,0.01,0.9999998127038731,0.7047419289037626,24.480000000010477,gnn,4,0.01018888888888889,946,adversarial,3.3667774200439453
3.327731092436975,14.252917166864368,833,0.03810623556581986,33,100000.0,0.0,4,0.01,0.9999683649687106,0.7259267469374027,24.480000000010477,grl,0,0.009255555555555555,866,adversarial,1.0867056846618652
3.3503981797497158,14.39126279863278,879,0.031938325991189426,29,100000.0,0.0,4,0.01,0.9998970739403884,0.7398863397198833,24.480000000010477,grl,1,0.009766666666666667,908,adversarial,1.152559518814087
3.401360544217687,14.706530612242295,882,0.03289473684210526,30,100000.0,0.0,4,0.01,0.999981058938193,0.7521342746572988,24.480000000010477,grl,2,0.0098,912,adversarial,1.1665675640106201
3.3397075365579303,14.32238470190952,889,0.03474484256243214,32,100000.0,0.0,4,0.01,0.9999963308988002,0.7341118716791729,24.480000000010477,grl,3,0.009877777777777777,921,adversarial,1.1614339351654053
3.3771929824561404,14.561578947366092,912,0.035940803382663845,34,100000.0,0.0,4,0.01,0.9999820059912834,0.7579534983487628,24.480000000010477,grl,4,0.010133333333333333,946,adversarial,1.1885724067687988
3.44853875476493,14.992681067341683,787,0.09122401847575058,79,100000.0,0.1,4,0.01,0.9999999929718741,0.6789651231440281,24.480000000010477,grl,0,0.008744444444444445,866,adversarial,1.4312574863433838
3.537544696066746,15.53692491060553,839,0.07599118942731277,69,100000.0,0.1,4,0.01,0.9999999597989908,0.7205386680065513,30.599999999994907,grl,1,0.009322222222222223,908,adversarial,1.516096830368042
3.604284103720406,15.948365276209131,887,0.027412280701754384,25,100000.0,0.1,4,0.01,0.9997272424089227,0.741764350576193,30.59999999998945,grl,2,0.009855555555555555,912,adversarial,1.3111531734466553
3.4342723004694835,14.901267605631146,852,0.0749185667752443,69,100000.0,0.1,4,0.01,0.9999995284758921,0.7181644866118764,24.480000000010477,grl,3,0.009466666666666667,921,adversarial,1.4275619983673096
3.636890951276102,16.196937354985927,862,0.08879492600422834,84,100000.0,0.1,4,0.01,0.9999999985669171,0.7282790047792226,30.599999999994907,grl,4,0.009577777777777777,946,adversarial,1.7792227268218994
5.053811659192825,24.809327354255547,892,0.0,0,100000.0,0.0,8,0.01,0.7853612360570624,0.5304530282932344,42.839999999967404,xy,0,0.009911111111111112,892,uniform,1.9659652709960938
5.059023836549375,24.84122587967796,881,0.0,0,100000.0,0.0,8,0.01,0.7960931742542093,0.534310648816946,42.83999999999287,xy,1,0.009788888888888889,881,uniform,1.9351255893707275
5.121278941565601,25.222227122377713,907,0.0,0,100000.0,0.0,8,0.01,0.7853612360570624,0.5458575516931703,42.8400000000056,xy,2,0.010077777777777778,907,uniform,2.0085885524749756
5.076327433628318,24.947123893800903,904,0.0,0,100000.0,0.0,8,0.01,0.7960931742542093,0.5367795542718018,42.839999999967404,xy,3,0.010044444444444444,904,uniform,1.9181666374206543
5.010593220338983,24.544830508470792,944,0.0,0,100000.0,0.0,8,0.01,0.7853612360570624,0.5464019352256942,42.83999999999287,xy,4,0.01048888888888889,944,uniform,1.9943952560424805
4.925757575757576,24.02563636363199,660,0.2600896860986547,232,100000.0,0.1,8,0.01,0.9999999992643384,0.5184805875442893,42.83999999999287,xy,0,0.007333333333333333,892,uniform,5.281291723251343
4.98151001540832,24.366841294294723,649,0.2633371169125993,232,100000.0,0.1,8,0.01,0.9999999997738894,0.5383220074188835,42.84000000000051,xy,1,0.007211111111111111,881,uniform,5.158228874206543
4.9631336405529956,24.254377880181003,651,0.2822491730981257,256,100000.0,0.1,8,0.01,0.9999999999816864,0.5297337794392716,42.84000000001197,xy,2,0.007233333333333333,907,uniform,5.603720188140869
4.974550898203593,24.324251497001704,668,0.2610619469026549,236,100000.0,0.1,8,0.01,0.9999999848300043,0.5425641892837583,42.83999999999287,xy,3,0.007422222222222222,904,uniform,5.254179000854492
4.8931623931623935,23.82615384614987,702,0.2563559322033898,242,100000.0,0.1,8,0.01,0.9999999576831482,0.5280091711219528,42.83999999999287,xy,4,0.0078,944,uniform,5.012183904647827
5.497757847533633,27.526278026900805,892,0.0,0,100000.0,0.0,8,0.01,0.8501097459511843,0.56430617559786,48.9600000000064,odd_even,0,0.009911111111111112,892,uniform,2.1593077182769775
5.469920544835414,27.3559137343882,881,0.0,0,100000.0,0.0,8,0.01,0.8576042586536251,0.5654864445951285,48.9600000000064,odd_even,1,0.009788888888888889,881,uniform,2.147296905517578
5.544652701212789,27.813274531417996,907,0.0,0,100000.0,0.0,8,0.01,0.8576042586536251,0.5791825048821906,48.95999999999185,odd_even,2,0.010077777777777778,907,uniform,2.247921943664551
5.490044247787611,27.479070796455368,904,0.0,0,100000.0,0.0,8,0.01,0.8339166160123925,0.5678219435192009,48.95999999999185,odd_even,3,0.010044444444444444,904,uniform,2.219931125640869
5.47457627118644,27.38440677965667,944,0.0,0,100000.0,0.0,8,0.01,0.8501097459511843,0.5828812166068746,48.95999999996275,odd_even,4,0.01048888888888889,944,uniform,2.254873275756836
5.35792349726776,26.76475409835575,732,0.17937219730941703,160,100000.0,0.1,8,0.01,0.9999999969067342,0.5472166005941655,48.9600000000064,odd_even,0,0.008133333333333333,892,uniform,4.409876823425293
5.3628318584070795,26.771327433624126,678,0.2304199772985244,203,100000.0,0.1,8,0.01,0.9999999999723951,0.5595932156949999,48.960000000020955,odd_even,1,0.007533333333333334,881,uniform,5.109652519226074
5.342406876790831,26.57553008595555,698,0.23042998897464168,209,100000.0,0.1,8,0.01,0.9999999978398572,0.5831174154012648,48.95999999996275,odd_even,2,0.0077555555555555555,907,uniform,5.241481304168701
5.265625,26.180624999995604,640,0.2920353982300885,264,100000.0,0.1,8,0.01,0.9999999999998447,0.5892639336794974,48.9600000000064,odd_even,3,0.0071111111111111115,904,uniform,5.9656596183776855
5.286107290233837,26.23097661622669,727,0.2298728813559322,217,100000.0,0.1,8,0.01,0.9999999991848625,0.5688611482762345,48.95999999996275,odd_even,4,0.008077777777777777,944,uniform,4.888224363327026
8.946188340807176,48.63067264573108,892,0.0,0,100000.0,0.0,8,0.01,0.9462664540172597,0.7617724933606711,73.43999999998778,valiant,0,0.009911111111111112,892,uniform,3.6890408992767334
8.900113507377979,48.34869466514535,881,0.0,0,100000.0,0.0,8,0.01,0.9340293018221281,0.7602372587786757,73.4400000000096,valiant,1,0.009788888888888889,881,uniform,3.607177257537842
8.943708609271523,48.615496688734055,906,0.0011025358324145535,1,100000.0,0.0,8,0.01,0.9373278367310217,0.7763280077723282,73.4400000000096,valiant,2,0.010066666666666666,907,uniform,3.8144750595092773
8.94358407079646,48.61473451326538,904,0.0,0,100000.0,0.0,8,0.01,0.9434383726497471,0.771212935617595,73.43999999998778,valiant,3,0.010044444444444444,904,uniform,3.7509944438934326
8.936440677966102,48.571016949144756,944,0.0,0,100000.0,0.0,8,0.01,0.9434383726497471,0.7794945456366329,73.44000000003143,valiant,4,0.01048888888888889,944,uniform,3.890169858932495
8.464583333333334,45.683249999993755,480,0.4618834080717489,412,100000.0,0.1,8,0.01,0.999999999999999,0.648688712096252,73.43999999994412,valiant,0,0.005333333333333333,892,uniform,8.562992572784424
8.434599156118143,45.499746835436135,474,0.4619750283768445,407,100000.0,0.1,8,0.01,0.999999999999999,0.6567473565479836,73.43999999999542,valiant,1,0.005266666666666667,881,uniform,8.376750469207764
8.600409836065573,46.514508196713265,488,0.4619625137816979,419,100000.0,0.1,8,0.01,0.999999999999999,0.659255795784546,73.43999999998778,valiant,2,0.005422222222222222,907,uniform,8.945905685424805
8.343137254901961,44.93999999999079,510,0.4358407079646018,394,100000.0,0.1,8,0.01,0.9999999999858293,0.6803098995641041,73.43999999998778,valiant,3,0.005666666666666667,904,uniform,8.570414781570435
8.364312267657992,45.069591078059645,538,0.4300847457627119,406,100000.0,0.1,8,0.01,0.9999999999999546,0.6643184634844546,73.43999999998778,valiant,4,0.005977777777777778,944,uniform,8.900674104690552
5.053811659192825,24.809327354255547,892,0.0,0,100000.0,0.0,8,0.01,0.8422207852117729,0.5339745240421884,42.839999999967404,gnn,0,0.009911111111111112,892,uniform,7.14945912361145
5.059023836549375,24.84122587967796,881,0.0,0,100000.0,0.0,8,0.01,0.8576042586536251,0.5269965375906621,42.83999999999287,gnn,1,0.009788888888888889,881,uniform,7.303204774856567
5.121278941565601,25.222227122377713,907,0.0,0,100000.0,0.0,8,0.01,0.8062885155414988,0.5453868054899551,42.8400000000056,gnn,2,0.010077777777777778,907,uniform,7.716741323471069
5.076327433628318,24.947123893800903,904,0.0,0,100000.0,0.0,8,0.01,0.8339166160123925,0.535949172058124,42.839999999967404,gnn,3,0.010044444444444444,904,uniform,7.766981840133667
5.010593220338983,24.544830508470792,944,0.0,0,100000.0,0.0,8,0.01,0.8339166160123925,0.547877129013041,42.83999999999287,gnn,4,0.01048888888888889,944,uniform,7.953472137451172
5.158021712907117,25.447092882986894,829,0.07062780269058296,63,100000.0,0.1,8,0.01,0.9999845723867765,0.530983787656359,42.83999999999287,gnn,0,0.009211111111111111,892,uniform,11.030256271362305
5.2521008403361344,26.022857142852583,833,0.05448354143019296,48,100000.0,0.1,8,0.01,0.9999867727501125,0.5303394147399931,42.840000000018335,gnn,1,0.009255555555555555,881,uniform,10.545057773590088
5.22972972972973,25.885945945942304,814,0.10253583241455347,93,100000.0,0.1,8,0.01,0.9999997815470162,0.5504805101767336,42.840000000018335,gnn,2,0.009044444444444445,907,uniform,13.281357049942017
5.228468899521531,25.87822966506711,836,0.0752212389380531,68,100000.0,0.1,8,0.01,0.9999767453450394,0.5444688569417049,42.840000000008786,gnn,3,0.009288888888888888,904,uniform,11.41440463066101
5.101516919486581,25.101283547253907,857,0.09216101694915255,87,100000.0,0.1,8,0.01,0.9999998127038731,0.5318000839992635,42.840000000018335,gnn,4,0.009522222222222222,944,uniform,11.310703992843628
5.745495495495495,29.04243243242746,888,0.004484304932735426,4,100000.0,0.0,8,0.01,0.9983577069269162,0.5487914626654079,55.0800000000072,grl,0,0.009866666666666666,892,uniform,3.922708511352539
5.739678899082569,29.006834862380632,872,0.01021566401816118,9,100000.0,0.0,8,0.01,0.9981802846835637,0.5636450760765289,55.07999999995809,grl,1,0.00968888888888889,881,uniform,3.996386766433716
5.725359911406423,28.91920265780291,903,0.004410143329658214,4,100000.0,0.0,8,0.01,0.9986623420276416,0.5626415586151133,55.07999999999083,grl,2,0.010033333333333333,907,uniform,4.198568820953369
5.654748603351956,28.487061452509206,895,0.00995575221238938,9,100000.0,0.0,8,0.01,0.9997272424089227,0.5576374303504765,48.960000000020955,grl,3,0.009944444444444445,904,uniform,4.217255353927612
5.6372340425531915,28.37987234042088,940,0.00423728813559322,4,100000.0,0.0,8,0.01,0.9960721999511866,0.5689973412513945,55.07999999995809,grl,4,0.010444444444444444,944,uniform,4.240847587585449
7.05890052356021,37.08047120418033,764,0.14349775784753363,128,100000.0,0.1,8,0.01,0.9999999999993798,0.5619829385126242,133.7219999999213,grl,0,0.00848888888888889,892,uniform,8.342281579971313
6.053191489361702,30.925531914888897,752,0.14642451759364358,129,100000.0,0.1,8,0.01,0.9999999999994948,0.5742431710757725,61.199999999953434,grl,1,0.008355555555555555,881,uniform,7.685915470123291
6.420157068062827,33.17136125653976,764,0.15766262403528114,143,100000.0,0.1,8,0.01,0.9999999576831482,0.6057540862509421,79.56000000003405,grl,2,0.00848888888888889,907,uniform,8.559924602508545
6.100828729281768,31.21707182319921,724,0.19911504424778761,180,100000.0,0.1,8,0.01,0.999999999999999,0.5644097084505288,73.44000000003143,grl,3,0.008044444444444444,904,uniform,9.163138628005981
6.219948849104859,31.946086956517306,782,0.1716101694915254,162,100000.0,0.1,8,0.01,0.9999999999561999,0.5733155180145372,67.31999999994878,grl,4,0.008688888888888888,944,uniform,8.258659839630127
4.997750281214848,24.46623172103165,889,0.0,0,100000.0,0.0,8,0.01,0.9340293018221281,0.48288264725770935,42.83999999999287,xy,0,0.009877777777777777,889,hotspot,1.9846572875976562
5.0656108597285066,24.881538461534642,884,0.0,0,100000.0,0.0,8,0.01,0.9562336909623956,0.48434255698815565,42.83999999999287,xy,1,0.009822222222222222,884,hotspot,1.9788074493408203
5.088744588744588,25.023116883111868,924,0.0,0,100000.0,0.0,8,0.01,0.9737954940850637,0.4979121288808367,42.83999999999287,xy,2,0.010266666666666667,924,hotspot,2.0224404335021973
5.110122358175751,25.153948832030466,899,0.0011111111111111111,1,100000.0,0.0,8,0.01,0.9661344643619678,0.48757796629307326,42.83999999999287,xy,3,0.00998888888888889,900,hotspot,1.9860539436340332
5.140540540540541,25.340108108103962,925,0.0,0,100000.0,0.0,8,0.01,0.9878596822189407,0.4898096533534531,42.839999999967404,xy,4,0.010277777777777778,925,hotspot,2.0895659923553467
4.9201228878648235,23.991152073729772,651,0.2677165354330709,238,100000.0,0.1,8,0.01,0.9999999999999912,0.4923861901240913,42.840000000018335,xy,0,0.007233333333333333,889,hotspot,5.36216139793396
4.963157894736842,24.25452631578589,570,0.3552036199095023,314,100000.0,0.1,8,0.01,0.999999999999999,0.483844978694714,42.840000000018335,xy,1,0.006333333333333333,884,hotspot,6.412418365478516
4.998611111111111,24.47149999999551,720,0.22077922077922077,204,100000.0,0.1,8,0.01,0.9999999999999957,0.49820627012945673,42.840000000018335,xy,2,0.008,924,hotspot,4.886255741119385
5.006700167504188,24.521005025121088,597,0.33666666666666667,303,100000.0,0.1,8,0.01,0.9999999999999946,0.5028831813750968,42.83999999999287,xy,3,0.006633333333333333,900,hotspot,6.204014301300049
4.966555183946488,24.27531772574855,598,0.3535135135135135,327,100000.0,0.1,8,0.01,0.999999999999999,0.4803860609464626,42.83999999999287,xy,4,0.006644444444444444,925,hotspot,6.199500322341919
5.377952755905512,26.793070866138216,889,0.0,0,100000.0,0.0,8,0.01,0.9340293018221281,0.5119101634096745,48.95999999999185,odd_even,0,0.009877777777777777,889,hotspot,2.1196813583374023
5.414027149321267,27.013846153842085,884,0.0,0,100000.0,0.0,8,0.01,0.9562336909623956,0.5098762512334654,48.95999999999185,odd_even,1,0.009822222222222222,884,hotspot,2.1493167877197266
5.571428571428571,27.97714285713732,924,0.0,0,100000.0,0.0,8,0.01,0.9737954940850637,0.5320631990577352,48.95999999999185,odd_even,2,0.010266666666666667,924,hotspot,2.336735486984253
5.541713014460512,27.79528364849244,899,0.0011111111111111111,1,100000.0,0.0,8,0.01,0.9661344643619678,0.5204932632453161,48.95999999999185,odd_even,3,0.00998888888888889,900,hotspot,2.2138686180114746
5.6551351351351355,28.489427027022433,925,0.0,0,100000.0,0.0,8,0.01,0.9878596822189407,0.5273553214370338,48.96000000001222,odd_even,4,0.010277777777777778,925,hotspot,2.3212273120880127
5.267132867132867,26.14841958041628,715,0.19572553430821146,174,100000.0,0.1,8,0.01,0.9999999876439438,0.5207198263190249,48.9600000000064,odd_even,0,0.007944444444444445,889,hotspot,4.596999883651733
5.274111675126903,26.182944162432637,591,0.33144796380090497,293,100000.0,0.1,8,0.01,0.999999999999999,0.4983663958260389,48.95999999999185,odd_even,1,0.006566666666666667,884,hotspot,6.335700035095215
5.411214953271028,26.996635514014102,749,0.1893939393939394,175,100000.0,0.1,8,0.01,0.9999999999775157,0.5416375122572689,48.96000000000058,odd_even,2,0.008322222222222222,924,hotspot,4.853564500808716
5.322299651567945,26.51519163762513,574,0.3622222222222222,326,100000.0,0.1,8,0.01,0.999999999999999,0.5489540420850769,48.95999999999185,odd_even,3,0.006377777777777777,900,hotspot,6.938277006149292
5.34185303514377,26.572140575075718,626,0.3232432432432432,299,100000.0,0.1,8,0.01,0.999999999999999,0.5074060414229095,48.95999999996275,odd_even,4,0.006955555555555556,925,hotspot,6.195326089859009
8.959505061867267,48.712170978621316,889,0.0,0,100000.0,0.0,8,0.01,0.9737954940850637,0.7499907884594685,73.43999999998778,valiant,0,0.009877777777777777,889,hotspot,3.682680130004883
8.929864253393665,48.53076923076145,884,0.0,0,100000.0,0.0,8,0.01,0.9807372802040956,0.7433853918536744,73.44000000003143,valiant,1,0.009822222222222222,884,hotspot,3.790421962738037
9.119047619047619,49.688571428562355,924,0.0,0,100000.0,0.0,8,0.01,0.9872207181252007,0.7624692173837053,73.44000000003143,valiant,2,0.010266666666666667,924,hotspot,3.9371731281280518
8.961067853170189,48.721735261391885,899,0.0011111111111111111,1,100000.0,0.0,8,0.01,0.993767863978596,0.7472754477177264,73.43999999998778,valiant,3,0.00998888888888889,900,hotspot,3.8094229698181152
8.87027027027027,48.166054054046874,925,0.0,0,100000.0,0.0,8,0.01,0.9910757508495328,0.7525176982056053,73.43999999998778,valiant,4,0.010277777777777778,925,hotspot,3.858725070953369
8.487640449438203,45.824359550556615,445,0.49943757030371205,444,100000.0,0.1,8,0.01,0.999999999999999,0.6438623094612055,73.4400000000096,valiant,0,0.004944444444444444,889,hotspot,9.010019779205322
8.540045766590389,46.14508009152512,437,0.505656108597285,447,100000.0,0.1,8,0.01,0.999999999999999,0.6529731220945739,73.44000000001397,valiant,1,0.004855555555555556,884,hotspot,9.249881267547607
8.799227799227799,47.731274131265266,518,0.4393939393939394,406,100000.0,0.1,8,0.01,0.9999999999999986,0.6487292794101082,73.4400000000096,valiant,2,0.005755555555555555,924,hotspot,8.897997856140137
8.554502369668246,46.23355450235897,422,0.5311111111111111,478,100000.0,0.1,8,0.01,0.999999999999999,0.6573189208253577,73.43999999994412,valiant,3,0.004688888888888889,900,hotspot,9.517430782318115
8.48559670781893,45.811851851845795,486,0.4745945945945946,439,100000.0,0.1,8,0.01,0.999999999999999,0.653324618933256,73.43999999998778,valiant,4,0.0054,925,hotspot,8.764257192611694
4.997750281214848,24.46623172103165,889,0.0,0,100000.0,0.0,8,0.01,0.9462664540172597,0.48864537207884917,42.83999999999287,gnn,0,0.009877777777777777,889,hotspot,6.616486310958862
5.0656108597285066,24.881538461534642,884,0.0,0,100000.0,0.0,8,0.01,0.9562336909623956,0.49069583419081647,42.83999999999287,gnn,1,0.009822222222222222,884,hotspot,6.80130934715271
5.088744588744588,25.023116883111868,924,0.0,0,100000.0,0.0,8,0.01,0.9661344643619678,0.5082128403116873,42.83999999999287,gnn,2,0.010266666666666667,924,hotspot,7.094874382019043
5.110122358175751,25.153948832030466,899,0.0011111111111111111,1,100000.0,0.0,8,0.01,0.9834846256149865,0.4805786930768157,42.83999999999287,gnn,3,0.00998888888888889,900,hotspot,7.32203483581543
5.140540540540541,25.340108108103962,925,0.0,0,100000.0,0.0,8,0.01,0.9434383726497471,0.5099634910227888,42.839999999967404,gnn,4,0.010277777777777778,925,hotspot,7.49670147895813
5.114045618247299,25.17795918367007,833,0.06299212598425197,56,100000.0,0.1,8,0.01,0.9999999993692622,0.4875256227593472,42.840000000018335,gnn,0,0.009255555555555555,889,hotspot,10.004700183868408
5.26867627785059,26.124298820441382,763,0.13687782805429866,121,100000.0,0.1,8,0.01,0.9999999999999382,0.4842583587869421,42.840000000018335,gnn,1,0.008477777777777779,884,hotspot,13.876367807388306
5.157262905162065,25.44244897958655,833,0.09848484848484848,91,100000.0,0.1,8,0.01,0.999999999999999,0.5114211363812784,42.840000000018335,gnn,2,0.009255555555555555,924,hotspot,12.394989252090454
5.369310793237972,26.740182054610592,769,0.14555555555555555,131,100000.0,0.1,8,0.01,0.9999999999993129,0.47704714766126444,48.95999999996275,gnn,3,0.008544444444444445,900,hotspot,15.861125707626343
5.272503082614056,26.147718865593863,811,0.12324324324324325,114,100000.0,0.1,8,0.01,0.999999999999999,0.4906324753797858,42.840000000018335,gnn,4,0.00901111111111111,925,hotspot,14.15945816040039
5.481981981981982,27.429729729726198,888,0.0011248593925759281,1,100000.0,0.0,8,0.01,0.9817004161938908,0.4795917481849443,48.960000000020955,grl,0,0.009866666666666666,889,hotspot,3.7685794830322266
6.12183908045977,31.345655172408794,870,0.01583710407239819,14,100000.0,0.0,8,0.01,0.9999999913713051,0.5068516756270778,70.68599999998196,grl,1,0.009666666666666667,884,hotspot,4.782925128936768
5.404117009750813,26.953196099669622,923,0.0010822510822510823,1,100000.0,0.0,8,0.01,0.9562336909623956,0.5131718452179082,48.95999999996275,grl,2,0.010255555555555556,924,hotspot,3.9129958152770996
5.545758928571429,27.82004464285136,896,0.0044444444444444444,4,100000.0,0.0,8,0.01,0.9954188073493939,0.4787128341142483,48.960000000020955,grl,3,0.009955555555555556,900,hotspot,3.9452059268951416
6.0715859030837,31.03810572686751,908,0.018378378378378378,17,100000.0,0.0,8,0.01,0.9999999987713105,0.5128061777969186,65.17799999997574,grl,4,0.010088888888888889,925,hotspot,4.866404056549072
6.968314321926489,36.526083650183836,789,0.1124859392575928,100,100000.0,0.1,8,0.01,0.9999999999737753,0.5025104705444013,128.51999999994806,grl,0,0.008766666666666667,889,hotspot,7.659927129745483
6.64621409921671,34.554830287200744,766,0.1334841628959276,118,100000.0,0.1,8,0.01,0.999999999999999,0.5252601938629144,79.55999999993946,grl,1,0.008511111111111112,884,hotspot,8.000205993652344
5.8179453836150845,29.48582574771921,769,0.16774891774891776,155,100000.0,0.1,8,0.01,0.9999999999975226,0.554243477139536,61.199999999953434,grl,2,0.008544444444444445,924,hotspot,8.362700462341309
5.706647398843931,28.80468208091826,692,0.2311111111111111,208,100000.0,0.1,8,0.01,0.999999999999999,0.4856479383316154,55.0799999999982,grl,3,0.007688888888888889,900,hotspot,9.85163140296936
7.52058432934927,39.90597609561197,753,0.18594594594594593,172,100000.0,0.1,8,0.01,0.9999999999561999,0.534608361405394,134.6400000000336,grl,4,0.008366666666666666,925,hotspot,9.633578777313232
5.034254143646409,24.68963535911221,905,0.0,0,100000.0,0.0,8,0.01,0.8159740897644239,0.5278255204588553,42.83999999999287,xy,0,0.010055555555555555,905,adversarial,2.0626659393310547
5.005530973451328,24.51384955751795,904,0.0,0,100000.0,0.0,8,0.01,0.7853612360570624,0.5344081640088016,42.83999999999287,xy,1,0.010044444444444444,904,adversarial,2.012422561645508
5.055900621118012,24.82211180123808,966,0.001034126163391934,1,100000.0,0.0,8,0.01,0.8159740897644239,0.5564848857802975,42.83999999999287,xy,2,0.010733333333333333,967,adversarial,2.148859739303589
5.107810781078108,25.13980198019366,909,0.0,0,100000.0,0.0,8,0.01,0.8339166160123925,0.5414206357579795,42.83999999999287,xy,3,0.0101,909,adversarial,2.021312952041626
5.007769145394007,24.52754716980802,901,0.0,0,100000.0,0.0,8,0.01,0.8339166160123925,0.5334324446825212,42.839999999967404,xy,4,0.010011111111111111,901,adversarial,1.9990227222442627
4.906666666666666,23.908799999996013,675,0.2541436464088398,230,100000.0,0.1,8,0.01,0.9999999999989643,0.5166028172042563,42.83999999999287,xy,0,0.0075,905,adversarial,5.188135862350464
4.938176197836167,24.101638330753147,647,0.2842920353982301,257,100000.0,0.1,8,0.01,0.999999999999999,0.5260072177159733,42.84000000000178,xy,1,0.007188888888888889,904,adversarial,5.560914516448975
4.992917847025495,24.436657223792107,706,0.26990692864529475,261,100000.0,0.1,8,0.01,0.9999999999709421,0.5360381435328188,42.840000000018335,xy,2,0.007844444444444444,967,adversarial,5.7742226123809814
5.0014662756598245,24.488973607033753,682,0.24972497249724973,227,100000.0,0.1,8,0.01,0.9999998550738273,0.5464047975332385,42.8400000000056,xy,3,0.007577777777777778,909,adversarial,5.242568731307983
4.806153846153846,23.293661538458785,650,0.2785793562708102,251,100000.0,0.1,8,0.01,0.9999999999101857,0.5137861857290797,42.839999999967404,xy,4,0.007222222222222222,901,adversarial,5.356019973754883
5.487292817679558,27.462232044194536,905,0.0,0,100000.0,0.0,8,0.01,0.8576042586536251,0.5628101796733038,48.960000000020955,odd_even,0,0.010055555555555555,905,adversarial,2.247492790222168
5.448008849557522,27.221814159287362,904,0.0,0,100000.0,0.0,8,0.01,0.8422207852117729,0.5690317473850778,48.960000000020955,odd_even,1,0.010044444444444444,904,adversarial,2.2409820556640625
5.534715025906736,27.752455958544672,965,0.002068252326783868,2,100000.0,0.0,8,0.01,0.8647240457209439,0.5921649308288546,48.95999999999185,odd_even,2,0.010722222222222222,967,adversarial,2.4079489707946777
5.528052805280528,27.711683168312042,909,0.0,0,100000.0,0.0,8,0.01,0.8898168897649946,0.5728023486892735,48.960000000020955,odd_even,3,0.0101,909,adversarial,2.281313896179199
5.471698113207547,27.366792452826434,901,0.0,0,100000.0,0.0,8,0.01,0.8647240457209439,0.5679282456479393,48.9600000000064,odd_even,4,0.010011111111111111,901,adversarial,2.268453598022461
5.341496598639456,26.663836734689568,735,0.1878453038674033,170,100000.0,0.1,8,0.01,0.9999999933232805,0.5467758449954496,48.960000000020955,odd_even,0,0.008166666666666666,905,adversarial,4.5254716873168945
5.352852852852853,26.725045045040638,666,0.26327433628318586,238,100000.0,0.1,8,0.01,0.999999999999999,0.5510887222949264,48.95999999999185,odd_even,1,0.0074,904,adversarial,5.678346633911133
5.401907356948229,26.939673024519315,734,0.24095139607032057,233,100000.0,0.1,8,0.01,0.9999999995815557,0.586202041281608,48.95999999999185,odd_even,2,0.008155555555555555,967,adversarial,5.641397476196289
5.320610687022901,26.501679389308343,655,0.2794279427942794,254,100000.0,0.1,8,0.01,0.9999999999878505,0.5864433786415993,48.960000000020955,odd_even,3,0.007277777777777778,909,adversarial,5.844994306564331
5.228951255539143,25.881181683896518,677,0.2486126526082131,224,100000.0,0.1,8,0.01,0.9999999999268457,0.557919848444171,48.95999999996275,odd_even,4,0.007522222222222222,901,adversarial,5.045536518096924
8.914917127071822,48.43929281767277,905,0.0,0,100000.0,0.0,8,0.01,0.9562336909623956,0.7653719050271244,73.44000000003143,valiant,0,0.010055555555555555,905,adversarial,3.7584710121154785
8.964523281596453,48.74288248336192,902,0.0022123893805309734,2,100000.0,0.0,8,0.01,0.9584220064142759,0.772383922150779,73.43999999998778,valiant,1,0.010022222222222222,904,adversarial,3.786339282989502
8.9296066252588,48.52919254657597,966,0.001034126163391934,1,100000.0,0.0,8,0.01,0.9584220064142759,0.7914315855968646,73.44000000003143,valiant,2,0.010733333333333333,967,adversarial,4.090589761734009
8.865786578657866,48.13861386137835,909,0.0,0,100000.0,0.0,8,0.01,0.9434383726497471,0.7700245049207921,73.43999999997031,valiant,3,0.0101,909,adversarial,3.727605104446411
8.987777777777778,48.8851999999933,900,0.0011098779134295228,1,100000.0,0.0,8,0.01,0.9515054747505769,0.7755863061186727,73.4400000000107,valiant,4,0.01,901,adversarial,3.780773162841797
8.336032388663968,44.896518218616684,494,0.45414364640883975,411,100000.0,0.1,8,0.01,0.999999999999999,0.6520915052341292,73.43999999994412,valiant,0,0.005488888888888889,905,adversarial,8.486607789993286
8.502994011976048,45.91832335328525,501,0.44579646017699115,403,100000.0,0.1,8,0.01,0.999999999999999,0.6705778925659039,73.43999999994412,valiant,1,0.005566666666666667,904,adversarial,8.69721508026123
8.629562043795621,46.69291970802345,548,0.4332988624612203,419,100000.0,0.1,8,0.01,0.999999999999999,0.6819101283204307,73.44000000003143,valiant,2,0.0060888888888888885,967,adversarial,9.072080373764038
8.313765182186234,44.76024291497209,494,0.45654565456545654,415,100000.0,0.1,8,0.01,0.9999999999930894,0.6683035049163049,73.43999999994412,valiant,3,0.005488888888888889,909,adversarial,8.736512899398804
8.618955512572533,46.62800773693911,517,0.4261931187569367,384,100000.0,0.1,8,0.01,0.9999999999993472,0.661386408002409,73.44000000003143,valiant,4,0.005744444444444444,901,adversarial,8.022099733352661
5.034254143646409,24.68963535911221,905,0.0,0,100000.0,0.0,8,0.01,0.8159740897644239,0.5342581040885737,42.83999999999287,gnn,0,0.010055555555555555,905,adversarial,7.432235956192017
5.005530973451328,24.51384955751795,904,0.0,0,100000.0,0.0,8,0.01,0.8576042586536251,0.531143028712474,42.83999999999287,gnn,1,0.010044444444444444,904,adversarial,7.56062126159668
5.055900621118012,24.82211180123808,966,0.001034126163391934,1,100000.0,0.0,8,0.01,0.8647240457209439,0.5609466955453324,42.83999999999287,gnn,2,0.010733333333333333,967,adversarial,8.107066869735718
5.107810781078108,25.13980198019366,909,0.0,0,100000.0,0.0,8,0.01,0.8779134512631519,0.5388611363965461,42.83999999999287,gnn,3,0.0101,909,adversarial,7.643747806549072
5.007769145394007,24.52754716980802,901,0.0,0,100000.0,0.0,8,0.01,0.8779134512631519,0.5370003662551198,42.839999999967404,gnn,4,0.010011111111111111,901,adversarial,7.464980602264404
5.1709905660377355,25.526462264147003,848,0.06298342541436464,57,100000.0,0.1,8,0.01,0.9999546994962657,0.5417344498006335,42.8400000000056,gnn,0,0.009422222222222222,905,adversarial,10.594666242599487
5.200239808153477,25.70546762589485,834,0.07743362831858407,70,100000.0,0.1,8,0.01,0.9999963308988002,0.5316784346657198,42.840000000018335,gnn,1,0.009266666666666666,904,adversarial,10.792486190795898
5.169965075669383,25.52018626309219,859,0.11168562564632885,108,100000.0,0.1,8,0.01,0.9999997028222094,0.5599146680994014,42.840000000018335,gnn,2,0.009544444444444444,967,adversarial,13.830761671066284
5.221419975932611,25.83509025270321,831,0.0858085808580858,78,100000.0,0.1,8,0.01,0.9999998309652455,0.538344372075152,42.840000000018335,gnn,3,0.009233333333333333,909,adversarial,11.97094440460205
5.1375598086124405,25.3218660287046,836,0.07214206437291898,65,100000.0,0.1,8,0.01,0.9999999782769792,0.5206886725550849,42.840000000018335,gnn,4,0.009288888888888888,901,adversarial,10.188445568084717
5.532741398446171,27.74037735848626,901,0.004419889502762431,4,100000.0,0.0,8,0.01,0.9901116352903411,0.5470908847692668,55.07999999995809,grl,0,0.010011111111111111,905,adversarial,3.9642133712768555
5.549499443826474,27.842936596213384,899,0.0055309734513274336,5,100000.0,0.0,8,0.01,0.9946567223786488,0.5514450637204964,48.960000000020955,grl,1,0.00998888888888889,904,adversarial,4.236343860626221
5.579875518672199,28.028838174269175,964,0.0031023784901758012,3,100000.0,0.0,8,0.01,0.9694363540866759,0.567530114154787,48.960000000020955,grl,2,0.01071111111111111,967,adversarial,4.3378541469573975
5.621412803532009,28.283046357611127,906,0.0033003300330033004,3,100000.0,0.0,8,0.01,0.9962685899536272,0.5541398129773727,55.07999999995809,grl,3,0.010066666666666666,909,adversarial,4.076662302017212
5.5195094760312156,27.65939799330705,897,0.004439511653718091,4,100000.0,0.0,8,0.01,0.9927311432903875,0.550333678107984,48.960000000020955,grl,4,0.009966666666666667,901,adversarial,4.02802848815918
6.750642673521851,35.19393316194885,778,0.14033149171270717,127,100000.0,0.1,8,0.01,0.9999999999923428,0.5692067546270341,122.39999999990687,grl,0,0.008644444444444444,905,adversarial,8.457849025726318
6.071614583333333,31.03828124999502,768,0.1504424778761062,136,100000.0,0.1,8,0.01,0.9999999999999315,0.5677303015152728,61.199999999953434,grl,1,0.008533333333333334,904,adversarial,8.352128267288208
6.2870699881376035,32.356868327397365,843,0.1282316442605998,124,100000.0,0.1,8,0.01,0.9999999981479476,0.6086335118927675,66.70799999995639,grl,2,0.009366666666666667,967,adversarial,8.215643644332886
6.315718157181572,32.53219512194565,738,0.18811881188118812,171,100000.0,0.1,8,0.01,0.999999999999999,0.5659080894858247,79.55999999999385,grl,3,0.0082,909,adversarial,9.282224178314209
5.929634641407307,30.169364005408422,739,0.17980022197558268,162,100000.0,0.1,8,0.01,0.9999999999956446,0.5486384527544858,61.199999999989814,grl,4,0.008211111111111112,901,adversarial,8.037227869033813
